Device Status,Status,Device ID,Name,Site,Poll Type,Poll Group Name,Admin Profile,Client Profile,IP Address,Trap Status,Syslog Status,Poll Status,Poll Details,Device Type,Family,Firmware,Reference,Connector,Updates,Archived,Config Changed,Policy Domain,Boot PROM,Base MAC,Serial Number,Stats,Location,Contact,System Name,Uptime,Nickname,Description,User Data 1,User Data 2,User Data 3,User Data 4,Notes,Asset Tag,Network OS ID,Network OS,Device Group ID
1,Up - No Alarms,5,172.24.201.8,/World/LCSO/HQ,SNMPv1,Default,public_v1_Profile,public_v1_Profile,172.24.201.8,Not Supported,Not Supported,Available: 99.995%,Up: 18372 Down: 1,,,82000747_V,FALSE,,"Run ""Check for Updates"" to find new firmware releases",FALSE,FALSE,N/A,,,,Collecting Historical,,,,28 Days 09:56:52,,PortServer TS 2 MEI Version 82000747_V 03/17/2011,,,,,,,nos-id-unknown,Unknown,
1,Up - No Alarms,110,ALPHA_MDF_450-48P_STACK,/World/LCSO/NORTH,SNMPv3,Default,LCSO_SNMPV3_PROFILE,LCSO_SNMPV3_PROFILE,172.24.2.2,Trap Receiver Registered,Syslog Receiver Registered,Available: 100.000%,Up: 18345 Down: 0,EXOS Stack,Summit Series,30.6.1.11-patch1-11,FALSE,,"Run ""Check for Updates"" to find new firmware releases",TRUE,TRUE,LCSO POLICY DOMAIN,1.0.2.1,02:04:96:CD:7A:77,800601-00-20 1935N-43832,Collecting Historical,CIVIL,Lee County Sheriff,ALPHA_MDF_450-48P_STACK,147 Days 17:49:37,ALPHA_MDF_450-48P_STACK,ExtremeXOS (Stack) version 30.6.1.11 30.6.1.11-patch1-11 by release-manager on Wed May 27 11:54:28 EDT 2020,,,,,,,nos-id-exos,ExtremeXOS,
1,Up - No Alarms,105,AVIAT_MDF_440-48P-SW1,/World/LCSO/AVIATION,SNMPv3,Default,LCSO_SNMPV3_PROFILE,LCSO_SNMPV3_PROFILE,172.24.10.254,Trap Receiver Registered,Syslog Receiver Registered,Available: 100.000%,Up: 18375 Down: 0,X440-G2-48p-10GE4,Summit Series,30.6.1.11-patch1-11,FALSE,,"Run ""Check for Updates"" to find new firmware releases",TRUE,TRUE,LCSO POLICY DOMAIN,1.0.1.8,00:04:96:A0:9E:95,800618-00-13 1744N-40069,Not Collecting,CIVIL,Lee County Sheriff,AVIAT_MDF_440-48P-SW1,193 Days 22:18:03,AVIAT_MDF_440-48P-SW1,ExtremeXOS (X440G2-48p-10G4) version 30.6.1.11 30.6.1.11-patch1-11 by release-manager on Wed May 27 11:54:28 EDT 2020,,,,,,,nos-id-exos,ExtremeXOS,
1,Up - No Alarms,142,BRAVO_CID_450-48P_SW1,/World/LCSO/EAST,SNMPv3,Default,LCSO_SNMPV3_PROFILE,LCSO_SNMPV3_PROFILE,172.24.3.3,Trap Receiver Registered,Syslog Receiver Registered,Available: 99.918%,Up: 18359 Down: 15,X450-G2-48p-10GE4,Summit Series,30.6.1.11-patch1-11,FALSE,,"Run ""Check for Updates"" to find new firmware releases",TRUE,TRUE,LCSO POLICY DOMAIN,1.0.2.1,00:04:96:E3:A6:26,800601-00-21 2016G-00451,Not Collecting,CIVIL,Lee County Sheriff,BRAVO_CID_450-48P_SW1,173 Days 23:34:42,BRAVO_CID_450-48P_SW1,ExtremeXOS (X450G2-48p-10G4) version 30.6.1.11 30.6.1.11-patch1-11 by release-manager on Wed May 27 11:54:28 EDT 2020,,,,,,,nos-id-exos,ExtremeXOS,
1,Up - No Alarms,106,BRAVO_MDF-RM10_450-48P_STACK,/World/LCSO/EAST,SNMPv3,Default,LCSO_SNMPV3_PROFILE,LCSO_SNMPV3_PROFILE,172.24.3.2,Trap Receiver Registered,Syslog Receiver Registered,Available: 100.000%,Up: 18343 Down: 0,EXOS Stack,Summit Series,30.6.1.11-patch1-11,FALSE,,"Run ""Check for Updates"" to find new firmware releases",TRUE,TRUE,LCSO POLICY DOMAIN,1.0.2.1,02:04:96:CD:7A:82,800601-00-20 1935N-43836,Collecting Historical,CIVIL,Lee County Sheriff,BRAVO_MDF-RM10_450-48P_STACK,149 Days 00:18:03,BRAVO_MDF-RM10_450-48P_STACK,ExtremeXOS (Stack) version 30.6.1.11 30.6.1.11-patch1-11 by release-manager on Wed May 27 11:54:28 EDT 2020,,,,,,,nos-id-exos,ExtremeXOS,
1,Up - No Alarms,57,CHARLIE_MDF-1122_7400A_CORE,/World/LCSO/WEST,SNMPv3,Default,LCSO2020,LCSO2020,172.24.252.161,Trap Receiver Unregistered,Syslog Receiver Unregistered,Available: 100.000%,Up: 18375 Down: 0,VSP-7400-48Y-8C,VSP Series,8.0.5.1,FALSE,,"Run ""Check for Updates"" to find new firmware releases",TRUE,FALSE,N/A,,88:7E:25:B7:B0:00,2003Q-30075,Collecting Historical,,http://www.extremenetworks.com/contact/,CHARLIE_MDF-1122_7400A_CORE,125 Days 00:02:08,CHARLIE_MDF-1122_7400A_CORE,VSP-7400-48Y-8C (8.0.5.1),,,,,,,nos-id-voss,VOSS,
1,Up - No Alarms,67,CHARLIE_MDF-1122_X465-48P_STACK,/World/LCSO/WEST,SNMPv3,Default,LCSO_SNMPV3_PROFILE,LCSO_SNMPV3_PROFILE,172.24.252.165,Trap Receiver Registered,Syslog Receiver Registered,Available: 100.000%,Up: 18372 Down: 0,ONIE Stack,Summit Series,30.6.1.11-patch1-11,FALSE,,"Run ""Check for Updates"" to find new firmware releases",TRUE,TRUE,LCSO POLICY DOMAIN,,5E:0E:8B:FD:D6:F5,800905-00-05 2009F-20451,Collecting Historical,West,Lee County Sheriff,CHARLIE_MDF-1122_X465-48P_STACK,209 Days 23:55:00,CHARLIE_MDF-1122_X465-48P_STACK,ExtremeXOS (Stack) version 30.6.1.11 30.6.1.11-patch1-11 by release-manager on Wed May 27 11:52:45 EDT 2020,,,,,,,nos-id-exos,ExtremeXOS,
1,Up - No Alarms,92,CIVIL_MDF-450-48P_SW1,/World/LCSO/CIVIL,SNMPv3,Default,LCSO_SNMPV3_PROFILE,LCSO_SNMPV3_PROFILE,172.24.17.2,Trap Receiver Registered,Syslog Receiver Registered,Available: 100.000%,Up: 18344 Down: 0,X450-G2-48p-10GE4,Summit Series,22.6.1.4,FALSE,,"Run ""Check for Updates"" to find new firmware releases",TRUE,TRUE,LCSO POLICY DOMAIN,1.0.2.1,00:04:96:CD:7B:8E,800601-00-20 1935N-43895,Not Collecting,CIVIL,Lee County Sheriff,CIVIL_MDF-450-48P_SW1,183 Days 03:13:58,CIVIL_MDF-450-48P_SW1,ExtremeXOS (X450G2-48p-10G4) version 22.6.1.4 22.6.1.4 by release-manager on Thu Sep 6 13:05:56 EDT 2018,,,,,,,nos-id-exos,ExtremeXOS,
1,Up - No Alarms,103,DELTA_MDF_450-48P_STACK,/World/LCSO/SOUTH,SNMPv3,Default,LCSO_SNMPV3_PROFILE,LCSO_SNMPV3_PROFILE,172.24.4.2,Trap Receiver Registered,Syslog Receiver Registered,Available: 100.000%,Up: 18373 Down: 0,EXOS Stack,Summit Series,30.6.1.11-patch1-11,FALSE,,"Run ""Check for Updates"" to find new firmware releases",TRUE,TRUE,LCSO POLICY DOMAIN,1.0.2.1,02:04:96:CD:7A:A4,800601-00-20 1935N-43839,Not Collecting,CIVIL,Lee County Sheriff,DELTA_MDF_450-48P_STACK,194 Days 01:59:23,DELTA_MDF_450-48P_STACK,ExtremeXOS (Stack) version 30.6.1.11 30.6.1.11-patch1-11 by release-manager on Wed May 27 11:54:28 EDT 2020,,,,,,,nos-id-exos,ExtremeXOS,
1,Up - No Alarms,91,ECU_IDF1-220A-450-48P_SW1,/World/LCSO/ECU,SNMPv3,Default,LCSO_SNMPV3_PROFILE,LCSO_SNMPV3_PROFILE,172.24.22.4,Trap Receiver Registered,Syslog Receiver Registered,Available: 99.973%,Up: 18368 Down: 5,X465-48P,Summit Series,30.6.1.11-patch1-11,FALSE,,"Run ""Check for Updates"" to find new firmware releases",TRUE,TRUE,LCSO POLICY DOMAIN,,5C:0E:8B:FE:04:F9,800905-00-05 2009F-20453,Not Collecting,ECU,Lee County Sheriff,ECU_IDF1-220A-450-48P_SW1,128 Days 01:13:42,ECU_IDF1-220A-450-48P_SW1,ExtremeXOS (X465-48P) version 30.6.1.11 30.6.1.11-patch1-11 by release-manager on Wed May 27 11:52:45 EDT 2020,,,,,,,nos-id-exos,ExtremeXOS,
1,Up - No Alarms,90,ECU_MDF-230A-465-48P_SW1,/World/LCSO/ECU,SNMPv3,Default,LCSO_SNMPV3_PROFILE,LCSO_SNMPV3_PROFILE,172.24.22.3,Trap Receiver Registered,Syslog Receiver Registered,Available: 99.984%,Up: 18371 Down: 3,X465-48P,Summit Series,30.6.1.11-patch1-11,FALSE,,"Run ""Check for Updates"" to find new firmware releases",TRUE,TRUE,LCSO POLICY DOMAIN,,5C:0E:8B:FE:0A:4D,800905-00-05 2009F-20132,Not Collecting,ECU,Lee County Sheriff,ECU_MDF-230A-465-48P_SW1,63 Days 02:10:58,ECU_MDF-230A-465-48P_SW1,ExtremeXOS (X465-48P) version 30.6.1.11 30.6.1.11-patch1-11 by release-manager on Wed May 27 11:52:45 EDT 2020,,,,,,,nos-id-exos,ExtremeXOS,
1,Up - No Alarms,53,EOC-EXT-NAC,/World,SNMPv3,Default,NAC_SNMPv3_Profile,NAC_SNMPv3_Profile,172.24.105.11,---,Not Supported,Available: 99.973%,Up: 18370 Down: 5,Virtual Access Control Engine IA-V,Extreme Control,8.5.2.6,FALSE,,"Run ""Check for Updates"" to find new firmware releases",FALSE,FALSE,N/A,,,,Collecting Historical,Unknown,root,EOC-EXT-NAC,64 Days 00:24:08,EOC-EXT-NAC,Extreme Networks Access Control Engine - IA-V: Virtual Access Control Engine - Version: 8.5.2.6,,,,,,,nos-id-ubuntu,Ubuntu,
1,Up - No Alarms,43,EOC-MDF-B5,/World/LCSO/HQ,SNMPv3,Default,lcso_v3_profile,lcso_v3_profile,172.24.253.70,Trap Receiver Registered,Syslog Receiver Registered,Available: 100.000%,Up: 18374 Down: 0,B5K125-48P2,B-Series,06.81.05.0003,FALSE,,"Run ""Check for Updates"" to find new firmware releases",FALSE,FALSE,,02.02.51,20:B3:99:EE:CF:A8,14233092916D,Collecting Historical,EOC,,EOC-MDF-B5,186 Days 04:02:14,EOC-MDF-B5,"Extreme Networks, Inc. B5K125-48P2 Rev 06.81.05.0003",,,,,,,nos-id-a-b-c,A/B/C,
1,Up - No Alarms,113,EOC_CAB10_7400A_vIST,/World/LCSO/EOC,SNMPv3,Default,LCSO2020,LCSO2020,172.24.252.102,Trap Receiver Unregistered,Syslog Receiver Unregistered,Available: 100.000%,Up: 18373 Down: 0,VSP-7400-48Y-8C,VSP Series,8.1.6.0,FALSE,,"Run ""Check for Updates"" to find new firmware releases",TRUE,TRUE,N/A,,48:9B:D5:9A:30:00,1948Q-40029,Not Collecting,,http://www.extremenetworks.com/contact/,EOC_CAB10_7400A_vIST,183 Days 17:41:21,EOC_CAB10_7400A_vIST,VSP-7400-48Y-8C (8.1.6.0),,,,,,,nos-id-voss,VOSS,
1,Up - No Alarms,112,EOC_CAB10_7400B_vIST,/World/LCSO/EOC,SNMPv3,Default,LCSO2020,LCSO2020,172.24.252.101,Trap Receiver Unregistered,Syslog Receiver Unregistered,Available: 100.000%,Up: 18375 Down: 0,VSP-7400-48Y-8C,VSP Series,8.1.6.0,FALSE,,"Run ""Check for Updates"" to find new firmware releases",TRUE,TRUE,N/A,,48:9B:D5:86:70:00,1929Q-30036,Not Collecting,,http://www.extremenetworks.com/contact/,EOC_CAB10_7400B_vIST,183 Days 17:39:43,EOC_CAB10_7400B_vIST,VSP-7400-48Y-8C (8.1.6.0),,,,,,,nos-id-voss,VOSS,
1,Up - No Alarms,114,EOC_CAB11_7400A_vIST,/World/LCSO/EOC,SNMPv3,Default,LCSO2020,LCSO2020,172.24.252.103,Trap Receiver Unregistered,Syslog Receiver Unregistered,Available: 100.000%,Up: 18343 Down: 0,VSP-7400-48Y-8C,VSP Series,8.1.6.0,FALSE,,"Run ""Check for Updates"" to find new firmware releases",TRUE,TRUE,N/A,,88:7E:25:B6:48:00,1948Q-40118,Not Collecting,,http://www.extremenetworks.com/contact/,EOC_CAB11_7400A_vIST,183 Days 17:34:37,EOC_CAB11_7400A_vIST,VSP-7400-48Y-8C (8.1.6.0),,,,,,,nos-id-voss,VOSS,
1,Up - No Alarms,115,EOC_CAB11_7400B_vIST,/World/LCSO/EOC,SNMPv3,Default,LCSO2020,LCSO2020,172.24.252.104,Trap Receiver Unregistered,Syslog Receiver Unregistered,Available: 100.000%,Up: 18375 Down: 0,VSP-7400-48Y-8C,VSP Series,8.0.5.1,FALSE,,"Run ""Check for Updates"" to find new firmware releases",TRUE,TRUE,N/A,,88:7E:25:C3:C0:00,2008Q-30129,Not Collecting,,http://www.extremenetworks.com/contact/,EOC_CAB11_7400B_vIST,183 Days 17:36:10,EOC_CAB11_7400B_vIST,VSP-7400-48Y-8C (8.0.5.1),,,,,,,nos-id-voss,VOSS,
0,Down - 1 Critical Alarm,139,EOC_CAB11_B5,/World/LCSO/EOC,SNMPv3,Default,LCSO2020,LCSO2020,172.24.252.109,No Permission,No Permission,Available: 23.695%,Up: 4353 Down: 14018,B5K125-48P2,B-Series,,FALSE,,"Run ""Check for Updates"" to find new firmware releases",FALSE,FALSE,,,D8:84:66:05:05:EF,,Not Collecting,EOC,,EOC_CAB11_B5,124 Days 23:14:04,EOC_CAB11_B5,"Extreme Networks, Inc. B5K125-48P2 Rev 06.81.05.0003",,,,,,,nos-id-a-b-c,A/B/C,
1,Up - No Alarms,116,EOC_CAB12_7400A_vIST,/World/LCSO/EOC,SNMPv3,Default,LCSO2020,LCSO2020,172.24.252.105,Trap Receiver Unregistered,Syslog Receiver Unregistered,Available: 100.000%,Up: 18375 Down: 0,VSP-7400-48Y-8C,VSP Series,8.1.6.0,FALSE,,"Run ""Check for Updates"" to find new firmware releases",TRUE,TRUE,N/A,,48:9B:D5:9A:F4:00,1947Q-40158,Not Collecting,,http://www.extremenetworks.com/contact/,EOC_CAB12_7400A_vIST,184 Days 03:08:03,EOC_CAB12_7400A_vIST,VSP-7400-48Y-8C (8.1.6.0),,,,,,,nos-id-voss,VOSS,
1,Up - No Alarms,117,EOC_CAB12_7400B_vIST,/World/LCSO/EOC,SNMPv3,Default,LCSO2020,LCSO2020,172.24.252.106,Trap Receiver Unregistered,Syslog Receiver Unregistered,Available: 100.000%,Up: 18374 Down: 0,VSP-7400-48Y-8C,VSP Series,8.1.6.0,FALSE,,"Run ""Check for Updates"" to find new firmware releases",TRUE,TRUE,N/A,,88:7E:25:B9:04:00,2007Q-30075,Not Collecting,,http://www.extremenetworks.com/contact/,EOC_CAB12_7400B_vIST,184 Days 04:17:57,EOC_CAB12_7400B_vIST,VSP-7400-48Y-8C (8.1.6.0),,,,,,,nos-id-voss,VOSS,
1,Up - No Alarms,60,EOC_CAB13_7400A_CORE,/World/LCSO/EOC,SNMPv3,Default,LCSO2020,LCSO2020,172.24.252.97,Trap Receiver Unregistered,Syslog Receiver Unregistered,Available: 100.000%,Up: 18371 Down: 0,VSP-7400-48Y-8C,VSP Series,8.1.6.0,FALSE,,"Run ""Check for Updates"" to find new firmware releases",TRUE,TRUE,N/A,,88:7E:25:B9:28:00,2007Q-30081,Collecting Historical,,http://www.extremenetworks.com/contact/,EOC_CAB13_7400A_CORE,183 Days 15:26:32,EOC_CAB13_7400A_CORE,VSP-7400-48Y-8C (8.1.6.0),,,,,,,nos-id-voss,VOSS,
1,Up - No Alarms,62,EOC_CAB13_7400B_CORE,/World/LCSO/EOC,SNMPv3,Default,LCSO2020,LCSO2020,172.24.252.99,Trap Receiver Unregistered,Syslog Receiver Unregistered,Available: 100.000%,Up: 18376 Down: 0,VSP-7400-48Y-8C,VSP Series,8.1.6.0,FALSE,,"Run ""Check for Updates"" to find new firmware releases",TRUE,TRUE,N/A,,88:7E:25:B9:C4:00,2003Q-30060,Collecting Historical,,http://www.extremenetworks.com/contact/,EOC_CAB13_7400B_CORE,183 Days 15:36:01,EOC_CAB13_7400B_CORE,VSP-7400-48Y-8C (8.1.6.0),,,,,,,nos-id-voss,VOSS,
1,Up - No Alarms,136,EOC_CAB13_B5,/World/LCSO/EOC,SNMPv3,Default,LCSO2020,LCSO2020,172.24.252.110,Trap Receiver Registered,Syslog Receiver Registered,Available: 100.000%,Up: 18374 Down: 0,B5K125-48P2,B-Series,06.81.06.0002,FALSE,,"Run ""Check for Updates"" to find new firmware releases",TRUE,FALSE,,02.02.51,D8:84:66:05:B2:9E,14490468916G,Not Collecting,EOC,,EOC_CAB13_B5,181 Days 16:08:20,EOC_CAB13_B5,"Extreme Networks, Inc. B5K125-48P2 Rev 06.81.06.0002",,,,,,,nos-id-a-b-c,A/B/C,
1,Up - No Alarms,118,EOC_CAB14_7400A_vIST,/World/LCSO/EOC,SNMPv3,Default,LCSO2020,LCSO2020,172.24.252.107,Trap Receiver Unregistered,Syslog Receiver Unregistered,Available: 100.000%,Up: 18374 Down: 0,VSP-7400-48Y-8C,VSP Series,8.1.6.0,FALSE,,"Run ""Check for Updates"" to find new firmware releases",TRUE,TRUE,N/A,,88:7E:25:B9:64:00,2004Q-30001,Not Collecting,,http://www.extremenetworks.com/contact/,EOC_CAB14_7400A_vIST,183 Days 12:25:38,EOC_CAB14_7400A_vIST,VSP-7400-48Y-8C (8.1.6.0),,,,,,,nos-id-voss,VOSS,
1,Up - No Alarms,119,EOC_CAB14_7400B_vIST,/World/LCSO/EOC,SNMPv3,Default,LCSO2020,LCSO2020,172.24.252.108,Trap Receiver Unregistered,Syslog Receiver Unregistered,Available: 100.000%,Up: 18375 Down: 0,VSP-7400-48Y-8C,VSP Series,8.1.6.0,FALSE,,"Run ""Check for Updates"" to find new firmware releases",TRUE,TRUE,N/A,,88:7E:25:B8:B8:00,2004Q-30015,Not Collecting,,http://www.extremenetworks.com/contact/,EOC_CAB14_7400B_vIST,183 Days 12:21:16,EOC_CAB14_7400B_vIST,VSP-7400-48Y-8C (8.1.6.0),,,,,,,nos-id-voss,VOSS,
1,Up - No Alarms,153,EOC_S1_VIDEO,/World/LCSO/EOC,SNMPv3,Default,LCSO2020_S1_VIDEO,LCSO2020_S1_VIDEO,172.24.252.111,Trap Receiver Unregistered,Syslog Receiver Unregistered,Available: 100.000%,Up: 18023 Down: 0,S1-A,S-Series,08.63.04.0004,FALSE,,"Run ""Check for Updates"" to find new firmware releases",FALSE,FALSE,,01.01.25,20:B3:99:9C:22:1D,13392232595B,Not Collecting,EOC,,EOC_S1,105 Days 18:40:58,EOC_S1_VIDEO,"Extreme Networks, Inc. S1-A Chassis Rev 08.63.04.0004 12/18/2018--09:59 ofc",,,,,,,nos-id-eos,EOS,
1,Up - No Alarms,12,EOC_WIRELESS-CONTROLLER_C25,/World/LCSO/EOC,SNMPv3,Default,Wireless_lcso_V3,Wireless_lcso_V3,172.24.253.69,Not Supported,Not Supported,Available: 100.000%,Up: 18376 Down: 0,C25,Wireless Controller,10.41.07.0014,FALSE,,"Run ""Check for Updates"" to find new firmware releases",FALSE,FALSE,,,68:05:CA:03:8B:84,,Not Collecting,EOC,,lcso-wac2.sheriffleefl.org,14 Days 15:29:02,EOC_WIRELESS-CONTROLLER_C25,"Extreme Networks Wireless Controller - C25,  System Version 10.41.07.0014",,,,,,,nos-id-identi-fi,IdentiFi,
1,Up - No Alarms,98,ESU_MDF_450-24P_SW1,/World/LCSO/ESU,SNMPv3,Default,LCSO_SNMPV3_PROFILE,LCSO_SNMPV3_PROFILE,172.24.21.2,Trap Receiver Registered,Syslog Receiver Registered,Available: 100.000%,Up: 18342 Down: 0,X450-G2-24p-10GE4,Summit Series,30.6.1.11-patch1-11,FALSE,,"Run ""Check for Updates"" to find new firmware releases",TRUE,TRUE,LCSO POLICY DOMAIN,1.0.2.1,00:04:96:E3:BF:57,800599-00-21 2019G-01159,Not Collecting,CIVIL,Lee County Sheriff,ESU_MDF_450-24P_SW1,202 Days 01:45:46,ESU_MDF_450-24P_SW1,ExtremeXOS (X450G2-24p-10G4) version 30.6.1.11 30.6.1.11-patch1-11 by release-manager on Wed May 27 11:54:28 EDT 2020,,,,,,,nos-id-exos,ExtremeXOS,
1,Up - No Alarms,87,EVID_MDF-207_465-48P_STACK,/World/LCSO/FORENSICS,SNMPv3,Default,LCSO_SNMPV3_PROFILE,LCSO_SNMPV3_PROFILE,172.24.252.37,Trap Receiver Registered,Syslog Receiver Registered,Available: 100.000%,Up: 18376 Down: 0,ONIE Stack,Summit Series,30.6.1.11-patch1-11,FALSE,,"Run ""Check for Updates"" to find new firmware releases",TRUE,TRUE,LCSO POLICY DOMAIN,,5E:0E:8B:FD:DD:BD,800905-00-05 2009F-20088,Not Collecting,EVIDENCE,Lee County Sheriff,EVID_MDF-207_465-48P_STACK,77 Days 01:12:32,EVID_MDF-207_465-48P_STACK,ExtremeXOS (Stack) version 30.6.1.11 30.6.1.11-patch1-11 by release-manager on Wed May 27 11:52:45 EDT 2020,,,,,,,nos-id-exos,ExtremeXOS,
1,Up - No Alarms,65,EVID_MDF-207_7400A_CORE,/World/LCSO/FORENSICS,SNMPv3,Default,LCSO2020,LCSO2020,172.24.252.33,Trap Receiver Unregistered,Syslog Receiver Unregistered,Available: 100.000%,Up: 18374 Down: 0,VSP-7400-48Y-8C,VSP Series,8.1.6.0,FALSE,,"Run ""Check for Updates"" to find new firmware releases",TRUE,TRUE,N/A,,48:9B:D5:9B:F8:00,1948Q-40002,Collecting Historical,,http://www.extremenetworks.com/contact/,EVID_MDF-207_7400A_CORE,77 Days 01:10:45,EVID_MDF-207_7400A_CORE,VSP-7400-48Y-8C (8.1.6.0),,,,,,,nos-id-voss,VOSS,
1,Up - No Alarms,66,EVID_MDF-207_7400B_CORE,/World/LCSO/FORENSICS,SNMPv3,Default,LCSO2020,LCSO2020,172.24.252.35,Trap Receiver Unregistered,Syslog Receiver Unregistered,Available: 100.000%,Up: 18375 Down: 0,VSP-7400-48Y-8C,VSP Series,8.1.6.0,FALSE,,"Run ""Check for Updates"" to find new firmware releases",TRUE,TRUE,N/A,,88:7E:25:BD:F0:00,2007Q-30070,Collecting Historical,,http://www.extremenetworks.com/contact/,EVID_MDF-207_7400B_CORE,77 Days 01:11:07,EVID_MDF-207_7400B_CORE,VSP-7400-48Y-8C (8.1.6.0),,,,,,,nos-id-voss,VOSS,
1,Up - No Alarms,100,FLEET_MDF_450-48P_SW1,/World/LCSO/FLEET,SNMPv3,Default,LCSO_SNMPV3_PROFILE,LCSO_SNMPV3_PROFILE,172.24.8.3,Trap Receiver Registered,Syslog Receiver Registered,Available: 99.924%,Up: 18331 Down: 14,X450-G2-48p-10GE4,Summit Series,30.6.1.11-patch1-11,FALSE,,"Run ""Check for Updates"" to find new firmware releases",TRUE,TRUE,LCSO POLICY DOMAIN,1.0.2.1,00:04:96:CD:7B:6E,800601-00-20 1935N-43896,Collecting Historical,CIVIL,Lee County Sheriff,FLEET_MDF_450-48P_SW1,27 Days 23:50:21,FLEET_MDF_450-48P_SW1,ExtremeXOS (X450G2-48p-10G4) version 30.6.1.11 30.6.1.11-patch1-11 by release-manager on Wed May 27 11:54:28 EDT 2020,,,,,,,nos-id-exos,ExtremeXOS,
1,Up - No Alarms,101,Fleet-Trailer-B5,/World/LCSO/FLEET,SNMPv3,Default,lcso_v3_profile,lcso_v3_profile,172.24.8.5,Trap Receiver Registered,Syslog Receiver Registered,Available: 99.924%,Up: 18330 Down: 14,B5K125-48P2,B-Series,06.81.06.0002,FALSE,,"Run ""Check for Updates"" to find new firmware releases",TRUE,TRUE,,02.02.51,20:B3:99:EF:17:EE,14241034916D,Not Collecting,Fleet,,Fleet-Trailer-B5,354 Days 02:42:47,Fleet-Trailer-B5,"Extreme Networks, Inc. B5K125-48P2 Rev 06.81.06.0002",,,,,,,nos-id-a-b-c,A/B/C,
1,Up - No Alarms,121,GUNRANGE_K9_B5,/World/LCSO/GUN RANGE,SNMPv3,Default,LCSO2020,LCSO2020,172.24.15.4,Trap Receiver Registered,Syslog Receiver Registered,Available: 100.000%,Up: 18374 Down: 0,B5K125-48P2,B-Series,06.71.03.0025,FALSE,,"Run ""Check for Updates"" to find new firmware releases",TRUE,FALSE,,02.02.15,20:B3:99:68:4A:C4,12330259225L,Not Collecting,GUNRANGE,,GUNRANGE_K9_B5,175 Days 01:01:30,GUNRANGE_K9_B5,"Enterasys Networks, Inc. B5K125-48P2 Rev 06.71.03.0025",,,,,,,nos-id-a-b-c,A/B/C,
1,Up - No Alarms,104,GUNRANGE_MDF_465-48P_STACK,/World/LCSO/GUN RANGE,SNMPv3,Default,LCSO_SNMPV3_PROFILE,LCSO_SNMPV3_PROFILE,172.24.15.2,Trap Receiver Registered,Syslog Receiver Registered,Available: 100.000%,Up: 18377 Down: 0,ONIE Stack,Summit Series,30.6.1.11-patch1-11,FALSE,,"Run ""Check for Updates"" to find new firmware releases",TRUE,TRUE,LCSO POLICY DOMAIN,,22:9E:F7:C8:48:E2,800905-00-09 2023F-20331,Not Collecting,CIVIL,Lee County Sheriff,GUNRANGE_MDF_465-48P_STACK,193 Days 23:20:36,GUNRANGE_MDF_465-48P_STACK,ExtremeXOS (Stack) version 30.6.1.11 30.6.1.11-patch1-11 by release-manager on Wed May 27 11:52:45 EDT 2020,,,,,,,nos-id-exos,ExtremeXOS,
0,Down - 2 Critical Alarms,54,HDQ-EXT-ANALYTICS,/World,SNMPv3,Default,NAC_SNMPv3_Profile,NAC_SNMPv3_Profile,172.24.105.113,---,Not Supported,Available: 90.252%,Up: 16582 Down: 1791,Virtual Application Analytics Engine PV-V,Extreme Analytics,8.4.4.26,FALSE,,"Run ""Check for Updates"" to find new firmware releases",FALSE,FALSE,N/A,,,,Collecting Historical,Unknown,root,HDQ-EXT-ANALYTICS.sheriffleefl.org,0 Days 23:28:18,HDQ-EXT-ANALYTICS,Extreme Networks - Application Analytics Engine Virtual Appliance - PV-V - Version: 8.4.4.26,,,,,,,nos-id-ubuntu,Ubuntu,
1,Up - 5 Critical Alarms,52,HDQ-EXT-NAC,/World,SNMPv3,Default,NAC_SNMPv3_Profile,NAC_SNMPv3_Profile,172.24.105.10,---,Not Supported,Available: 99.973%,Up: 18371 Down: 5,Virtual Access Control Engine IA-V,Extreme Control,8.5.2.6,FALSE,,"Run ""Check for Updates"" to find new firmware releases",FALSE,FALSE,N/A,,,,Collecting Historical,Unknown,root,HDQ-EXT-NAC.sheriffleefl.org,64 Days 01:28:09,HDQ-EXT-NAC,Extreme Networks Access Control Engine - IA-V: Virtual Access Control Engine - Version: 8.5.2.6,,,,,,,nos-id-ubuntu,Ubuntu,
1,Up - No Alarms,107,HQ_IDF1-1101_465-48P_STACK,/World/LCSO/HQ,SNMPv3,Default,LCSO_SNMPV3_PROFILE,LCSO_SNMPV3_PROFILE,172.24.252.10,Trap Receiver Registered,Syslog Receiver Registered,Available: 99.995%,Up: 18375 Down: 1,ONIE Stack,Summit Series,30.6.1.11-patch1-11,FALSE,,"Run ""Check for Updates"" to find new firmware releases",TRUE,TRUE,LCSO POLICY DOMAIN,,5E:0E:8B:FE:26:65,800905-00-05 2009F-20121,Collecting Historical,HQ,Lee County Sheriff,HQ_IDF1-1101_465-48P_STACK,22 Days 01:57:27,HQ_IDF1-1101_465-48P_STACK,ExtremeXOS (Stack) version 30.6.1.11 30.6.1.11-patch1-11 by release-manager on Wed May 27 11:52:45 EDT 2020,,,,,,,nos-id-exos,ExtremeXOS,
1,Up - No Alarms,128,HQ_IDF1-1101_B5,/World/LCSO/HQ,SNMPv3,Default,LCSO2020,LCSO2020,172.24.252.14,Trap Receiver Registered,Syslog Receiver Registered,Available: 100.000%,Up: 18371 Down: 0,B5K125-48P2,B-Series,06.81.10.0001,FALSE,,"Run ""Check for Updates"" to find new firmware releases",TRUE,FALSE,,02.02.51,D8:84:66:05:A6:D6,14490396916G,Not Collecting,HQ,,HQ_IDF1-1101_B5,175 Days 19:19:14,HQ_IDF1-1101_B5,"Extreme Networks, Inc. B5K125-48P2 Rev 06.81.10.0001",,,,,,,nos-id-a-b-c,A/B/C,
1,Up - No Alarms,89,HQ_IDF2-1502_465-48P_STACK,/World/LCSO/HQ,SNMPv3,Default,LCSO_SNMPV3_PROFILE,LCSO_SNMPV3_PROFILE,172.24.252.8,Trap Receiver Registered,Syslog Receiver Registered,Available: 99.989%,Up: 18375 Down: 2,ONIE Stack,Summit Series,30.6.1.11-patch1-11,FALSE,,"Run ""Check for Updates"" to find new firmware releases",TRUE,TRUE,LCSO POLICY DOMAIN,,5E:0E:8B:FE:12:C7,800905-00-05 2009F-20460,Collecting Historical,HQ,Lee County Sheriff,HQ_IDF2-1502_465-48P_STACK,0 Days 04:22:53,HQ_IDF2-1502_465-48P_STACK,ExtremeXOS (Stack) version 30.6.1.11 30.6.1.11-patch1-11 by release-manager on Wed May 27 11:52:45 EDT 2020,,,,,,,nos-id-exos,ExtremeXOS,
1,Up - No Alarms,130,HQ_IDF2-1502_B5,/World/LCSO/HQ,SNMPv3,Default,LCSO2020,LCSO2020,172.24.252.15,Trap Receiver Registered,Syslog Receiver Registered,Available: 100.000%,Up: 18376 Down: 0,B5K125-48P2,B-Series,06.81.06.0002,FALSE,,"Run ""Check for Updates"" to find new firmware releases",TRUE,FALSE,,02.02.51,D8:84:66:05:16:05,14500584916G,Not Collecting,HQ,,HQ_RM-1502_B5,175 Days 18:34:47,HQ_IDF2-1502_B5,"Extreme Networks, Inc. B5K125-48P2 Rev 06.81.06.0002",,,,,,,nos-id-a-b-c,A/B/C,
1,Up - No Alarms,88,HQ_IDF3-1403_465-48P_STACK,/World/LCSO/HQ,SNMPv3,Default,LCSO_SNMPV3_PROFILE,LCSO_SNMPV3_PROFILE,172.24.252.9,Trap Receiver Registered,Syslog Receiver Registered,Available: 100.000%,Up: 18373 Down: 0,ONIE Stack,Summit Series,30.6.1.11-patch1-11,FALSE,,"Run ""Check for Updates"" to find new firmware releases",TRUE,TRUE,LCSO POLICY DOMAIN,,5E:0E:8B:FD:D5:81,800905-00-05 2009F-20135,Collecting Historical,HQ,Lee County Sheriff,HQ_IDF3-1403_465-48P_STACK,209 Days 00:33:26,HQ_IDF3-1403_465-48P_STACK,ExtremeXOS (Stack) version 30.6.1.11 30.6.1.11-patch1-11 by release-manager on Wed May 27 11:52:45 EDT 2020,,,,,,,nos-id-exos,ExtremeXOS,
1,Up - No Alarms,129,HQ_IDF3-1403_B5,/World/LCSO/HQ,SNMPv3,Default,LCSO2020,LCSO2020,172.24.252.16,Trap Receiver Registered,Syslog Receiver Registered,Available: 100.000%,Up: 18374 Down: 0,B5K125-48P2,B-Series,06.81.06.0002,FALSE,,"Run ""Check for Updates"" to find new firmware releases",TRUE,FALSE,,02.02.51,D8:84:66:05:11:43,14500563916G,Not Collecting,HQ,,HQ_IDF3-1403_B5,175 Days 18:28:56,HQ_IDF3-1403_B5,"Extreme Networks, Inc. B5K125-48P2 Rev 06.81.06.0002",,,,,,,nos-id-a-b-c,A/B/C,
1,Up - No Alarms,109,HQ_MDF-414_465-48P_STACK,/World/LCSO/HQ,SNMPv3,Default,LCSO_SNMPV3_PROFILE,LCSO_SNMPV3_PROFILE,172.24.252.11,Trap Receiver Registered,Syslog Receiver Registered,Available: 100.000%,Up: 18374 Down: 0,ONIE Stack,Summit Series,30.6.1.11-patch1-11,FALSE,,"Run ""Check for Updates"" to find new firmware releases",TRUE,TRUE,LCSO POLICY DOMAIN,,5E:0E:8B:FE:19:CD,800905-00-05 2009F-20112,Collecting Historical,HQ,Lee County Sheriff,HQ_MDF-414_465-48P_STACK,190 Days 18:19:54,HQ_MDF-414_465-48P_STACK,ExtremeXOS (Stack) version 30.6.1.11 30.6.1.11-patch1-11 by release-manager on Wed May 27 11:52:45 EDT 2020,,,,,,,nos-id-exos,ExtremeXOS,
1,Up - No Alarms,141,HQ_MDF-1414_B5,/World/LCSO/HQ,SNMPv3,Default,LCSO2020,LCSO2020,172.24.252.18,Trap Receiver Registered,Syslog Receiver Registered,Available: 100.000%,Up: 18375 Down: 0,B5K125-48P2,B-Series,06.81.05.0003,FALSE,,"Run ""Check for Updates"" to find new firmware releases",TRUE,FALSE,,02.02.51,D8:84:66:05:C1:58,14490433916G,Not Collecting,HQ,,HQ_MDF-1414_B5,169 Days 01:02:23,HQ_MDF-1414_B5,"Extreme Networks, Inc. B5K125-48P2 Rev 06.81.05.0003",,,,,,,nos-id-a-b-c,A/B/C,
1,Up - No Alarms,70,HQ_RTIC_465-48P,/World/LCSO/HQ,SNMPv3,Default,LCSO_SNMPV3_PROFILE,LCSO_SNMPV3_PROFILE,172.24.252.7,Trap Receiver Registered,Syslog Receiver Registered,Available: 100.000%,Up: 18374 Down: 0,X465-48P,Summit Series,30.6.1.11-patch1-11,FALSE,,"Run ""Check for Updates"" to find new firmware releases",TRUE,TRUE,LCSO POLICY DOMAIN,,5C:0E:8B:FE:1D:6F,800905-00-05 2009F-20134,Collecting Historical,HQ,Lee County Sheriff,HQ_RTIC_465-48P,218 Days 05:51:40,HQ_RTIC_465-48P,ExtremeXOS (X465-48P) version 30.6.1.11 30.6.1.11-patch1-11 by release-manager on Wed May 27 11:52:45 EDT 2020,,,,,,,nos-id-exos,ExtremeXOS,
1,Up - No Alarms,131,HQ_SVRRM-CAB1_7400A_vIST,/World/LCSO/HQ,SNMPv3,Default,LCSO2020,LCSO2020,172.24.252.25,Trap Receiver Unregistered,Syslog Receiver Unregistered,Available: 100.000%,Up: 18375 Down: 0,VSP-7400-48Y-8C,VSP Series,8.1.6.0,FALSE,,"Run ""Check for Updates"" to find new firmware releases",TRUE,TRUE,N/A,,88:7E:25:B5:98:00,1947Q-40133,Not Collecting,,http://www.extremenetworks.com/contact/,HQ_SVRRM-CAB1_7400A_vIST,174 Days 18:32:14,HQ_SVRRM-CAB1_7400A_vIST,VSP-7400-48Y-8C (8.1.6.0),,,,,,,nos-id-voss,VOSS,
1,Up - No Alarms,132,HQ_SVRRM-CAB1_7400B_vIST,/World/LCSO/HQ,SNMPv3,Default,LCSO2020,LCSO2020,172.24.252.26,Trap Receiver Unregistered,Syslog Receiver Unregistered,Available: 100.000%,Up: 18374 Down: 0,VSP-7400-48Y-8C,VSP Series,8.1.6.0,FALSE,,"Run ""Check for Updates"" to find new firmware releases",TRUE,TRUE,N/A,,88:7E:25:B6:98:00,1948Q-40070,Not Collecting,,http://www.extremenetworks.com/contact/,HQ_SVRRM-CAB1_7400B_vIST,174 Days 18:31:49,HQ_SVRRM-CAB1_7400B_vIST,VSP-7400-48Y-8C (8.1.6.0),,,,,,,nos-id-voss,VOSS,
1,Up - No Alarms,133,HQ_SVRRM-CAB2_7400A_vIST,/World/LCSO/HQ,SNMPv3,Default,LCSO2020,LCSO2020,172.24.252.27,Trap Receiver Unregistered,Syslog Receiver Unregistered,Available: 100.000%,Up: 18372 Down: 0,VSP-7400-48Y-8C,VSP Series,8.1.6.0,FALSE,,"Run ""Check for Updates"" to find new firmware releases",TRUE,TRUE,N/A,,88:7E:25:B4:94:00,1951Q-30068,Not Collecting,,http://www.extremenetworks.com/contact/,HQ_SVRRM-CAB2_7400A_vIST,174 Days 18:26:20,HQ_SVRRM-CAB2_7400A_vIST,VSP-7400-48Y-8C (8.1.6.0),,,,,,,nos-id-voss,VOSS,
1,Up - No Alarms,134,HQ_SVRRM-CAB2_7400B_vIST,/World/LCSO/HQ,SNMPv3,Default,LCSO2020,LCSO2020,172.24.252.28,Trap Receiver Unregistered,Syslog Receiver Unregistered,Available: 100.000%,Up: 18373 Down: 0,VSP-7400-48Y-8C,VSP Series,8.1.6.0,FALSE,,"Run ""Check for Updates"" to find new firmware releases",TRUE,TRUE,N/A,,48:9B:D5:9A:A8:00,1947Q-40115,Not Collecting,,http://www.extremenetworks.com/contact/,HQ_SVRRM-CAB2_7400B_vIST,174 Days 18:24:07,HQ_SVRRM-CAB2_7400B_vIST,VSP-7400-48Y-8C (8.1.6.0),,,,,,,nos-id-voss,VOSS,
1,Up - No Alarms,135,HQ_SVRRM-CAB2_B5,/World/LCSO/HQ,SNMPv3,Default,LCSO2020,LCSO2020,172.24.252.13,Trap Receiver Registered,Syslog Receiver Registered,Available: 100.000%,Up: 18372 Down: 0,B5K125-48P2,B-Series,06.81.05.0003,FALSE,,"Run ""Check for Updates"" to find new firmware releases",TRUE,FALSE,,02.02.51,D8:84:66:05:A5:40,14490429916G,Not Collecting,HQ,,HQ_SVRRM-CAB2_B5,173 Days 23:45:27,HQ_SVRRM-CAB2_B5,"Extreme Networks, Inc. B5K125-48P2 Rev 06.81.05.0003",,,,,,,nos-id-a-b-c,A/B/C,
1,Up - No Alarms,154,HQ_SVRRM-CAB3_7400A_vIST,/World/LCSO/HQ,SNMPv3,Default,LCSO2020,LCSO2020,172.24.252.29,Trap Receiver Unregistered,Syslog Receiver Unregistered,Available: 99.966%,Up: 17837 Down: 6,VSP-7400-48Y-8C,VSP Series,8.1.6.0,FALSE,,"Run ""Check for Updates"" to find new firmware releases",TRUE,TRUE,N/A,,48:9B:D5:92:40:00,1934Q-30119,Not Collecting,,http://www.extremenetworks.com/contact/,HQ_SVRRM-CAB3_7400A_vIST,76 Days 03:25:53,HQ_SVRRM-CAB3_7400A_vIST,VSP-7400-48Y-8C (8.1.6.0),,,,,,,nos-id-voss,VOSS,
1,Up - No Alarms,123,HQ_SVRRM-CAB3_7400B_vIST,/World/LCSO/HQ,SNMPv3,Default,LCSO2020,LCSO2020,172.24.252.30,Trap Receiver Unregistered,Syslog Receiver Unregistered,Available: 100.000%,Up: 18374 Down: 0,VSP-7400-48Y-8C,VSP Series,8.1.6.0,FALSE,,"Run ""Check for Updates"" to find new firmware releases",TRUE,TRUE,N/A,,88:7E:25:B7:E8:00,2004Q-30045,Not Collecting,,http://www.extremenetworks.com/contact/,HQ_SVRRM-CAB3_7400B_vIST,92 Days 00:21:29,HQ_SVRRM-CAB3_7400B_vIST,VSP-7400-48Y-8C (8.1.6.0),,,,,,,nos-id-voss,VOSS,
1,Up - No Alarms,140,HQ_SVRRM-CAB6_B5,/World/LCSO/HQ,SNMPv3,Default,LCSO2020,LCSO2020,172.24.252.17,Trap Receiver Registered,Syslog Receiver Registered,Available: 100.000%,Up: 18371 Down: 0,B5K125-48P2,B-Series,06.81.10.0001,FALSE,,"Run ""Check for Updates"" to find new firmware releases",TRUE,FALSE,,02.02.51,D8:84:66:04:FB:BD,14500438916G,Not Collecting,HQ,,HQ_SVRRM-CAB6_B5,169 Days 14:06:52,HQ_SVRRM-CAB6_B5,"Extreme Networks, Inc. B5K125-48P2 Rev 06.81.10.0001",,,,,,,nos-id-a-b-c,A/B/C,
1,Up - No Alarms,145,HQ_SVRRM_450-48P_TEMP,/World/LCSO/HQ,SNMPv3,Default,TESTLCSO2020,TESTLCSO2020,172.24.252.6,Trap Receiver Registered,Syslog Receiver Unregistered,Available: 99.946%,Up: 18362 Down: 10,X450-G2-48p-10GE4,Summit Series,30.6.1.11-patch1-11,FALSE,,"Run ""Check for Updates"" to find new firmware releases",FALSE,FALSE,LCSO POLICY DOMAIN,1.0.2.1,00:04:96:CD:7A:B5,800601-00-20 1935N-43840,Not Collecting,HQ,Lee County Sheriff,HQ_SVRRM_450-48P_TEMP,64 Days 01:53:33,HQ_SVRRM_450-48P_TEMP,ExtremeXOS (X450G2-48p-10G4) version 30.6.1.11 30.6.1.11-patch1-11 by release-manager on Wed May 27 11:54:28 EDT 2020,,,,,,,nos-id-exos,ExtremeXOS,
1,Up - No Alarms,108,HQ_SVRRM_465-24MU_E911_STACK,/World/LCSO/HQ,SNMPv3,Default,LCSO_SNMPV3_PROFILE,LCSO_SNMPV3_PROFILE,172.24.252.12,Trap Receiver Registered,Syslog Receiver Registered,Available: 100.000%,Up: 18378 Down: 0,ONIE Stack,Summit Series,30.6.1.11-patch1-11,FALSE,,"Run ""Check for Updates"" to find new firmware releases",TRUE,TRUE,LCSO POLICY DOMAIN,,5E:0E:8B:FC:E7:51,800907-00-03 1933F-20059,Collecting Historical,HQ,Lee County Sheriff,HQ_SVRRM_465-24MU_E911_STACK,195 Days 22:17:38,HQ_SVRRM_465-24MU_E911_STACK,ExtremeXOS (Stack) version 30.6.1.11 30.6.1.11-patch1-11 by release-manager on Wed May 27 11:52:45 EDT 2020,,,,,,,nos-id-exos,ExtremeXOS,
1,Up - No Alarms,148,HQ_SVRRM_465-24MU_VoIP,/World/LCSO/HQ,SNMPv3,Default,LCSO2020,LCSO2020,172.24.252.19,Trap Receiver Unregistered,Syslog Receiver Unregistered,Available: 100.000%,Up: 18374 Down: 0,X465-24MU,Summit Series,30.6.1.11-patch1-11,FALSE,,"Run ""Check for Updates"" to find new firmware releases",TRUE,TRUE,,,5C:0E:8B:FC:E5:D5,800907-00-03 1933F-20060,Not Collecting,HQ,Lee County Sheriff,HQ_SVRRM_465-24MU_VoIP,111 Days 22:50:47,HQ_SVRRM_465-24MU_VoIP,ExtremeXOS (X465-24MU) version 30.6.1.11 30.6.1.11-patch1-11 by release-manager on Wed May 27 11:52:45 EDT 2020,,,,,,,nos-id-exos,ExtremeXOS,
1,Up - No Alarms,55,HQ_SVRRM_7400A_CORE,/World/LCSO/HQ,SNMPv3,Default,LCSO2020,LCSO2020,172.24.252.1,Trap Receiver Unregistered,Syslog Receiver Unregistered,Available: 100.000%,Up: 18374 Down: 0,VSP-7400-48Y-8C,VSP Series,8.1.6.0,FALSE,,"Run ""Check for Updates"" to find new firmware releases",TRUE,TRUE,N/A,,88:7E:25:BD:1C:00,2007Q-30056,Collecting Historical,,http://www.extremenetworks.com/contact/,HQ_SVRRM_7400A_CORE,169 Days 08:47:51,HQ_SVRRM_7400A_CORE,VSP-7400-48Y-8C (8.1.6.0),,,,,,,nos-id-voss,VOSS,
1,Up - No Alarms,151,HQ_SVRRM_7400B_CORE,/World,Ping,Default,TESTLCSO2020,TESTLCSO2020,172.22.1.2,Trap Receiver Unregistered,Syslog Receiver Unregistered,Available: 99.989%,Up: 18391 Down: 2,VSP-7400-48Y-8C,VSP Series,8.1.6.0,FALSE,,"Run ""Check for Updates"" to find new firmware releases",TRUE,TRUE,N/A,,88:7E:25:B8:6C:00,2004Q-30039,Not Collecting,,http://www.extremenetworks.com/contact/,HQ_SVRRM_7400B_CORE,N/A,HQ_SVRRM_7400B_CORE,VSP-7400-48Y-8C (8.1.6.0),,,,,,,nos-id-voss,VOSS,
1,Up - 1 Warning Alarm,11,HQ_WIRELESS-CONTROLLER_C25,/World/LCSO/HQ,SNMPv3,Default,Wireless_lcso_V3,Wireless_lcso_V3,172.24.106.250,Not Supported,Not Supported,Available: 100.000%,Up: 18372 Down: 0,C25,Wireless Controller,10.41.07.0014,FALSE,,"Run ""Check for Updates"" to find new firmware releases",FALSE,FALSE,,,68:05:CA:03:8E:11,,Collecting Historical,HQ,,lcso-wac1.sheriffleefl.org,176 Days 21:33:42,HQ_WIRELESS-CONTROLLER_C25,"Extreme Networks Wireless Controller - C25,  System Version 10.41.07.0014",,,,,,,nos-id-identi-fi,IdentiFi,
0,Down - 1 Critical Alarm,4,Internal Affairs,/World/LCSO/HQ,SNMPv1,Default,public_v1_Profile,public_v1_Profile,172.24.202.202,Not Supported,Not Supported,Available: 45.397%,Up: 8339 Down: 10030,,,,FALSE,,"Run ""Check for Updates"" to find new firmware releases",FALSE,FALSE,N/A,,,,Collecting Historical,,,Internal Affairs,21 Days 04:44:52,Internal Affairs,FlexiDome,,,,,,,nos-id-unknown,Unknown,
1,Up - No Alarms,73,JAIL_COURTOPS_450-48P,/World/LCSO/JAIL,SNMPv3,Default,LCSO_SNMPV3_PROFILE,LCSO_SNMPV3_PROFILE,172.24.252.135,Trap Receiver Registered,Syslog Receiver Registered,Available: 99.929%,Up: 18360 Down: 13,X450-G2-48p-10GE4,Summit Series,30.6.1.11-patch1-11,FALSE,,"Run ""Check for Updates"" to find new firmware releases",TRUE,TRUE,LCSO POLICY DOMAIN,1.0.2.1,00:04:96:CD:7A:4E,800601-00-20 1935N-43829,Not Collecting,JAIL,Lee County Sheriff,JAIL_COURTOPS_450-48P,158 Days 03:48:28,JAIL_COURTOPS_450-48P,ExtremeXOS (X450G2-48p-10G4) version 30.6.1.11 30.6.1.11-patch1-11 by release-manager on Wed May 27 11:54:28 EDT 2020,,,,,,,nos-id-exos,ExtremeXOS,
1,Up - No Alarms,75,JAIL_IDF2-CTRL2-39_X450-48P,/World/LCSO/JAIL,SNMPv3,Default,LCSO_SNMPV3_PROFILE,LCSO_SNMPV3_PROFILE,172.24.252.137,Trap Receiver Registered,Syslog Receiver Registered,Available: 99.924%,Up: 18362 Down: 14,X450-G2-48p-10GE4,Summit Series,22.6.1.4,FALSE,,"Run ""Check for Updates"" to find new firmware releases",TRUE,TRUE,LCSO POLICY DOMAIN,1.0.2.1,00:04:96:CD:7A:A8,800601-00-20 1935N-43833,Not Collecting,JAIL,Lee County Sheriff,JAIL_IDF2-CTRL2-39_X450-48P,29 Days 01:42:45,JAIL_IDF2-CTRL2-39_X450-48P,ExtremeXOS (X450G2-48p-10G4) version 22.6.1.4 22.6.1.4 by release-manager on Thu Sep 6 13:05:56 EDT 2018,,,,,,,nos-id-exos,ExtremeXOS,
1,Up - No Alarms,76,JAIL_IDF3-CTRL3-24_X450-48P,/World/LCSO/JAIL,SNMPv3,Default,LCSO_SNMPV3_PROFILE,LCSO_SNMPV3_PROFILE,172.24.252.138,Trap Receiver Registered,Syslog Receiver Registered,Available: 99.929%,Up: 18300 Down: 13,X450-G2-48p-10GE4,Summit Series,22.6.1.4,FALSE,,"Run ""Check for Updates"" to find new firmware releases",TRUE,TRUE,LCSO POLICY DOMAIN,1.0.2.1,00:04:96:CD:7A:A9,800601-00-20 1935N-43821,Not Collecting,JAIL,Lee County Sheriff,JAIL_IDF3-CTRL3-24_X450-48P,19 Days 18:34:02,JAIL_IDF3-CTRL3-24_X450-48P,ExtremeXOS (X450G2-48p-10G4) version 22.6.1.4 22.6.1.4 by release-manager on Thu Sep 6 13:05:56 EDT 2018,,,,,,,nos-id-exos,ExtremeXOS,
1,Up - No Alarms,78,JAIL_IDF4-CTRL4-24_X450-48P,/World/LCSO/JAIL,SNMPv3,Default,LCSO_SNMPV3_PROFILE,LCSO_SNMPV3_PROFILE,172.24.252.139,Trap Receiver Registered,Syslog Receiver Unregistered,Available: 99.929%,Up: 18363 Down: 13,X450-G2-48p-10GE4,Summit Series,30.6.1.11-patch1-11,FALSE,,"Run ""Check for Updates"" to find new firmware releases",TRUE,TRUE,LCSO POLICY DOMAIN,1.0.2.1,00:04:96:CD:7A:75,800601-00-20 1935N-43838,Not Collecting,JAIL,Lee County Sheriff,JAIL_IDF4-CTRL4-24_X450-48P,82 Days 23:10:44,JAIL_IDF4-CTRL4-24_X450-48P,ExtremeXOS (X450G2-48p-10G4) version 30.6.1.11 30.6.1.11-patch1-11 by release-manager on Wed May 27 11:54:28 EDT 2020,,,,,,,nos-id-exos,ExtremeXOS,
1,Up - No Alarms,71,JAIL_JAC_465-48P,/World/LCSO/JAIL,SNMPv3,Default,LCSO_SNMPV3_PROFILE,LCSO_SNMPV3_PROFILE,172.24.252.134,Trap Receiver Registered,Syslog Receiver Registered,Available: 99.924%,Up: 18364 Down: 14,X465-48P,Summit Series,30.6.1.11-patch1-11,FALSE,,"Run ""Check for Updates"" to find new firmware releases",TRUE,TRUE,LCSO POLICY DOMAIN,,5C:0E:8B:FE:19:8F,800905-00-05 2009F-20463,Not Collecting,JAIL,Lee County Sheriff,JAIL_JAC_465-48P,158 Days 02:57:19,JAIL_JAC_465-48P,ExtremeXOS (X465-48P) version 30.6.1.11 30.6.1.11-patch1-11 by release-manager on Wed May 27 11:52:45 EDT 2020,,,,,,,nos-id-exos,ExtremeXOS,
1,Up - No Alarms,74,JAIL_JTOWER4FL_450-24P,/World/LCSO/JAIL,SNMPv3,Default,LCSO2020,LCSO2020,172.24.252.136,Trap Receiver Unregistered,Syslog Receiver Unregistered,Available: 46.974%,Up: 8600 Down: 9708,X450-G2-24p-10GE4,Summit Series,22.6.1.4,FALSE,,"Run ""Check for Updates"" to find new firmware releases",TRUE,FALSE,,,00:04:96:B4:6E:9C,,Not Collecting,JAIL,Lee County Sheriff,JAIL_JTOWER4FL_450-24P,19 Days 18:33:17,JAIL_JTOWER4FL_450-24P,ExtremeXOS (X450G2-24p-10G4) version 22.6.1.4 22.6.1.4 by release-manager on Thu Sep 6 13:05:56 EDT 2018,,,,,,,nos-id-exos,ExtremeXOS,
1,Up - No Alarms,68,JAIL_MDF-1-104_465-48P_STACK,/World/LCSO/JAIL,SNMPv3,Default,LCSO_SNMPV3_PROFILE,LCSO_SNMPV3_PROFILE,172.24.252.133,Trap Receiver Registered,Syslog Receiver Registered,Available: 99.929%,Up: 18365 Down: 13,ONIE Stack,Summit Series,30.6.1.11-patch1-11,FALSE,,"Run ""Check for Updates"" to find new firmware releases",TRUE,TRUE,LCSO POLICY DOMAIN,,5E:0E:8B:FE:27:D9,800905-00-05 2009F-20124,Not Collecting,JAIL,Lee County Sheriff,JAIL_MDF-1-104_465-48P_STACK,158 Days 02:57:37,JAIL_MDF-1-104_465-48P_STACK,ExtremeXOS (Stack) version 30.6.1.11 30.6.1.11-patch1-11 by release-manager on Wed May 27 11:52:45 EDT 2020,,,,,,,nos-id-exos,ExtremeXOS,
1,Up - No Alarms,58,JAIL_MDF-1-104_7400A_CORE,/World/LCSO/JAIL,SNMPv3,Default,LCSO2020,LCSO2020,172.24.252.129,Trap Receiver Registered,Syslog Receiver Registered,Available: 99.929%,Up: 18361 Down: 13,VSP-7400-48Y-8C,VSP Series,8.1.6.0,FALSE,,"Run ""Check for Updates"" to find new firmware releases",TRUE,TRUE,N/A,,48:9B:D5:85:AC:00,1929Q-30030,Collecting Historical,,http://www.extremenetworks.com/contact/,JAIL_MDF-1-104_7400A_CORE,19 Days 17:38:54,JAIL_MDF-1-104_7400A_CORE,VSP-7400-48Y-8C (8.1.6.0),,,,,,,nos-id-voss,VOSS,
1,Up - No Alarms,59,JAIL_MDF-1-104_7400B_CORE,/World/LCSO/JAIL,SNMPv3,Default,LCSO2020,LCSO2020,172.24.252.131,Trap Receiver Registered,Syslog Receiver Registered,Available: 99.897%,Up: 18356 Down: 19,VSP-7400-48Y-8C,VSP Series,8.1.6.0,FALSE,,"Run ""Check for Updates"" to find new firmware releases",TRUE,TRUE,N/A,,88:7E:25:B8:14:00,2004Q-30033,Collecting Historical,,http://www.extremenetworks.com/contact/,JAIL_MDF-1-104_7400B_CORE,19 Days 16:57:06,JAIL_MDF-1-104_7400B_CORE,VSP-7400-48Y-8C (8.1.6.0),,,,,,,nos-id-voss,VOSS,
0,Down - 1 Critical Alarm,152,JAIL_S1_VIDEO,/World/LCSO/JAIL,SNMPv3,Default,LCSO2020_S1_VIDEO,LCSO2020_S1_VIDEO,172.24.252.140,No Permission,No Permission,Available: 78.079%,Up: 14308 Down: 4017,S1-A,S-Series,08.63.04.0004,FALSE,,"Run ""Check for Updates"" to find new firmware releases",FALSE,FALSE,,01.01.25,20:B3:99:BF:92:62,13460275595B,Not Collecting,JAIL,,JAIL_S1,112 Days 23:09:16,JAIL_S1_VIDEO,"Extreme Networks, Inc. S1-A Chassis Rev 08.63.04.0004 12/18/2018--09:59 ofc",,,,,,,nos-id-eos,EOS,
1,Up - No Alarms,41,Jail-5thFloor-B5,/World/LCSO/HQ,SNMPv3,Default,lcso_v3_profile,lcso_v3_profile,172.24.253.23,Trap Receiver Unregistered,Syslog Receiver Registered,Available: 99.929%,Up: 18360 Down: 13,B5K125-48P2,B-Series,06.81.10.0001,FALSE,,"Run ""Check for Updates"" to find new firmware releases",FALSE,FALSE,,02.02.51,D8:84:66:05:B2:D8,14490469916G,Collecting Historical,Jail,,Jail-5thFloor-B5,111 Days 03:25:26,Jail-5thFloor-B5,"Extreme Networks, Inc. B5K125-48P2 Rev 06.81.10.0001",,,,,,,nos-id-a-b-c,A/B/C,
1,Up - No Alarms,102,NARC_MDF_450-48P_STACK,/World/LCSO/NARCOTICS,SNMPv3,Default,LCSO_SNMPV3_PROFILE,LCSO_SNMPV3_PROFILE,172.24.25.2,Refresh Timeout,Syslog Receiver Registered,Available: 99.956%,Up: 18345 Down: 8,EXOS Stack,Summit Series,30.6.1.11-patch1-11,FALSE,,"Run ""Check for Updates"" to find new firmware releases",TRUE,TRUE,LCSO POLICY DOMAIN,1.0.2.1,02:04:96:CD:7A:83,1935N-43827,Not Collecting,CIVIL,Lee County Sheriff,NARC_MDF_450-48P_STACK,12 Days 23:58:29,NARC_MDF_450-48P_STACK,ExtremeXOS (Stack) version 30.6.1.11 30.6.1.11-patch1-11 by release-manager on Wed May 27 11:54:28 EDT 2020,,,,,,,nos-id-exos,ExtremeXOS,
1,Up - No Alarms,79,ORTIZ_CPU_465-48P,/World/LCSO/ORTIZ,SNMPv3,Default,LCSO_SNMPV3_PROFILE,LCSO_SNMPV3_PROFILE,172.24.252.76,Trap Receiver Registered,Syslog Receiver Registered,Available: 99.880%,Up: 18353 Down: 22,X465-48P,Summit Series,30.6.1.11-patch1-11,FALSE,,"Run ""Check for Updates"" to find new firmware releases",TRUE,TRUE,LCSO POLICY DOMAIN,,5C:0E:8B:FE:2C:73,800905-00-05 2009F-20184,Not Collecting,ORTIZ,Lee County Sheriff,ORTIZ_CPU_465-48P,133 Days 01:43:27,ORTIZ_CPU_465-48P,ExtremeXOS (X465-48P) version 30.6.1.11 30.6.1.11-patch1-11 by release-manager on Wed May 27 11:52:45 EDT 2020,,,,,,,nos-id-exos,ExtremeXOS,
1,Up - No Alarms,80,ORTIZ_IDF1-ADMIN21_465-48P_STACK,/World/LCSO/ORTIZ,SNMPv3,Default,LCSO_SNMPV3_PROFILE,LCSO_SNMPV3_PROFILE,172.24.252.75,Trap Receiver Registered,Syslog Receiver Registered,Available: 99.956%,Up: 18366 Down: 8,ONIE Stack,Summit Series,30.6.1.11-patch1-11,FALSE,,"Run ""Check for Updates"" to find new firmware releases",TRUE,TRUE,LCSO POLICY DOMAIN,,5E:0E:8B:FE:14:79,800905-00-05 2009F-20136,Not Collecting,ORTIZ,Lee County Sheriff,ORTIZ_IDF1-ADMIN21_465-48P_STACK,19 Days 18:14:03,ORTIZ_IDF1-ADMIN21_465-48P_STACK,ExtremeXOS (Stack) version 30.6.1.11 30.6.1.11-patch1-11 by release-manager on Wed May 27 11:52:45 EDT 2020,,,,,,,nos-id-exos,ExtremeXOS,
1,Up - No Alarms,81,ORTIZ_IDF2-H106_465-48P,/World/LCSO/ORTIZ,SNMPv3,Default,LCSO_SNMPV3_PROFILE,LCSO_SNMPV3_PROFILE,172.24.252.70,Trap Receiver Registered,Syslog Receiver Registered,Available: 100.000%,Up: 18376 Down: 0,X465-48P,Summit Series,30.6.1.11-patch1-11,FALSE,,"Run ""Check for Updates"" to find new firmware releases",TRUE,TRUE,LCSO POLICY DOMAIN,,5C:0E:8B:FE:2B:B9,800905-00-05 2009F-20090,Not Collecting,ORTIZ,Lee County Sheriff,ORTIZ_IDF2-H106_465-48P,214 Days 20:26:24,ORTIZ_IDF2-H106_465-48P,ExtremeXOS (X465-48P) version 30.6.1.11 30.6.1.11-patch1-11 by release-manager on Wed May 27 11:52:45 EDT 2020,,,,,,,nos-id-exos,ExtremeXOS,
1,Up - No Alarms,82,ORTIZ_IDF3-E295_465-48P_STACK,/World/LCSO/ORTIZ,SNMPv3,Default,LCSO_SNMPV3_PROFILE,LCSO_SNMPV3_PROFILE,172.24.252.74,Trap Receiver Registered,Syslog Receiver Registered,Available: 100.000%,Up: 18375 Down: 0,ONIE Stack,Summit Series,30.6.1.11-patch1-11,FALSE,,"Run ""Check for Updates"" to find new firmware releases",TRUE,TRUE,LCSO POLICY DOMAIN,,5E:0E:8B:FE:26:27,800905-00-05 2009F-20130,Not Collecting,ORTIZ,Lee County Sheriff,ORTIZ_IDF3-E295_465-48P_STACK,214 Days 19:49:20,ORTIZ_IDF3-E295_465-48P_STACK,ExtremeXOS (Stack) version 30.6.1.11 30.6.1.11-patch1-11 by release-manager on Wed May 27 11:52:45 EDT 2020,,,,,,,nos-id-exos,ExtremeXOS,
1,Up - No Alarms,83,ORTIZ_IDF4-E495_465-48P,/World/LCSO/ORTIZ,SNMPv3,Default,LCSO_SNMPV3_PROFILE,LCSO_SNMPV3_PROFILE,172.24.252.71,Trap Receiver Registered,Syslog Receiver Registered,Available: 99.793%,Up: 18336 Down: 38,X465-48P,Summit Series,30.6.1.11-patch1-11,FALSE,,"Run ""Check for Updates"" to find new firmware releases",TRUE,TRUE,LCSO POLICY DOMAIN,,5C:0E:8B:FE:2A:FF,800905-00-05 2009F-20110,Not Collecting,ORTIZ,Lee County Sheriff,ORTIZ_IDF4-E495_465-48P,214 Days 19:20:08,ORTIZ_IDF4-E495_465-48P,ExtremeXOS (X465-48P) version 30.6.1.11 30.6.1.11-patch1-11 by release-manager on Wed May 27 11:52:45 EDT 2020,,,,,,,nos-id-exos,ExtremeXOS,
1,Up - No Alarms,84,ORTIZ_IDF5-E486_465-48P,/World/LCSO/ORTIZ,SNMPv3,Default,LCSO_SNMPV3_PROFILE,LCSO_SNMPV3_PROFILE,172.24.252.72,Trap Receiver Registered,Syslog Receiver Registered,Available: 99.864%,Up: 18352 Down: 25,X465-48P,Summit Series,30.6.1.11-patch1-11,FALSE,,"Run ""Check for Updates"" to find new firmware releases",TRUE,TRUE,LCSO POLICY DOMAIN,,5C:0E:8B:FE:0E:2D,800905-00-05 2009F-20122,Not Collecting,ORTIZ,Lee County Sheriff,ORTIZ_IDF5-E486_465-48P,214 Days 18:47:22,ORTIZ_IDF5-E486_465-48P,ExtremeXOS (X465-48P) version 30.6.1.11 30.6.1.11-patch1-11 by release-manager on Wed May 27 11:52:45 EDT 2020,,,,,,,nos-id-exos,ExtremeXOS,
1,Up - No Alarms,85,ORTIZ_IDF6-E540_465-48P,/World/LCSO/ORTIZ,SNMPv3,Default,LCSO_SNMPV3_PROFILE,LCSO_SNMPV3_PROFILE,172.24.252.73,Trap Receiver Registered,Syslog Receiver Registered,Available: 99.826%,Up: 18344 Down: 32,X465-48P,Summit Series,30.4.1.2,FALSE,,"Run ""Check for Updates"" to find new firmware releases",TRUE,TRUE,LCSO POLICY DOMAIN,,00:04:96:DA:59:A6,800905-00-09 2023F-20231,Not Collecting,ORTIZ,Lee County Sheriff,ORTIZ_IDF6-E540_465-48P,19 Days 17:31:37,ORTIZ_IDF6-E540_465-48P,ExtremeXOS (X465-48P) version 30.4.1.2 30.4.1.2 by release-manager on Sat Nov 16 03:08:41 EST 2019,,,,,,,nos-id-exos,ExtremeXOS,
1,Up - No Alarms,69,ORTIZ_MDF-ME101_465-48P_STACK,/World/LCSO/ORTIZ,SNMPv3,Default,LCSO_SNMPV3_PROFILE,LCSO_SNMPV3_PROFILE,172.24.252.69,Trap Receiver Registered,Syslog Receiver Registered,Available: 99.989%,Up: 18371 Down: 2,ONIE Stack,Summit Series,30.6.1.11-patch1-11,FALSE,,"Run ""Check for Updates"" to find new firmware releases",TRUE,TRUE,LCSO POLICY DOMAIN,,5E:0E:8B:FE:2C:EF,800905-00-05 2009F-20185,Not Collecting,ORTIZ,Lee County Sheriff,ORTIZ_MDF-ME101_465-48P_STACK,210 Days 21:18:54,ORTIZ_MDF-ME101_465-48P_STACK,ExtremeXOS (Stack) version 30.6.1.11 30.6.1.11-patch1-11 by release-manager on Wed May 27 11:52:45 EDT 2020,,,,,,,nos-id-exos,ExtremeXOS,
1,Up - No Alarms,63,ORTIZ_MDF-ME101_7400A_CORE,/World/LCSO/ORTIZ,SNMPv3,Default,LCSO2020,LCSO2020,172.24.252.65,Trap Receiver Unregistered,Syslog Receiver Unregistered,Available: 100.000%,Up: 18374 Down: 0,VSP-7400-48Y-8C,VSP Series,8.1.6.0,FALSE,,"Run ""Check for Updates"" to find new firmware releases",TRUE,FALSE,N/A,,88:7E:25:C3:28:00,2008Q-30190,Collecting Historical,,http://www.extremenetworks.com/contact/,ORTIZ_MDF-ME101_7400A_CORE,225 Days 04:15:42,ORTIZ_MDF-ME101_7400A_CORE,VSP-7400-48Y-8C (8.1.6.0),,,,,,,nos-id-voss,VOSS,
1,Up - No Alarms,64,ORTIZ_MDF-ME101_7400B_CORE,/World/LCSO/ORTIZ,SNMPv3,Default,LCSO2020,LCSO2020,172.24.252.67,Trap Receiver Unregistered,Syslog Receiver Unregistered,Available: 100.000%,Up: 18374 Down: 0,VSP-7400-48Y-8C,VSP Series,8.1.6.0,FALSE,,"Run ""Check for Updates"" to find new firmware releases",TRUE,FALSE,N/A,,88:7E:25:B8:70:00,2004Q-30041,Collecting Historical,,http://www.extremenetworks.com/contact/,ORTIZ_MDF-ME101_7400B_CORE,225 Days 04:30:02,ORTIZ_MDF-ME101_7400B_CORE,VSP-7400-48Y-8C (8.1.6.0),,,,,,,nos-id-voss,VOSS,
1,Up - No Alarms,93,ORTIZ_SECROM_B5,/World/LCSO/ORTIZ,SNMPv3,Default,lcso_v3_profile,lcso_v3_profile,172.24.253.36,Trap Receiver Registered,Syslog Receiver Registered,Available: 100.000%,Up: 18376 Down: 0,B5K125-48P2,B-Series,06.81.06.0002,FALSE,,"Run ""Check for Updates"" to find new firmware releases",TRUE,FALSE,LCSO POLICY DOMAIN,02.02.51,D8:84:66:05:B9:6A,14490498916G,Not Collecting,Core,,Core-SecRm-B5,223 Days 01:54:26,ORTIZ_SECROM_B5,"Extreme Networks, Inc. B5K125-48P2 Rev 06.81.06.0002",,,,,,,nos-id-a-b-c,A/B/C,
1,Up - No Alarms,86,ORTIZ_VISIT_465-48P,/World/LCSO/ORTIZ,SNMPv3,Default,LCSO_SNMPV3_PROFILE,LCSO_SNMPV3_PROFILE,172.24.252.77,Trap Receiver Registered,Syslog Receiver Registered,Available: 99.989%,Up: 18310 Down: 2,X450-G2-24p-10GE4,Summit Series,22.6.1.4,FALSE,,"Run ""Check for Updates"" to find new firmware releases",TRUE,TRUE,LCSO POLICY DOMAIN,1.0.2.1,00:04:96:B4:6E:BB,800599-00-18 1913N-45035,Not Collecting,ORTIZ,Lee County Sheriff,ORTIZ_VISIT_450-24P,55 Days 22:19:13,ORTIZ_VISIT_465-48P,ExtremeXOS (X450G2-24p-10G4) version 22.6.1.4 22.6.1.4 by release-manager on Thu Sep 6 13:05:56 EDT 2018,,,,,,,nos-id-exos,ExtremeXOS,
1,Up - No Alarms,1,RA3E-HDQ-CAB1,/World/LCSO/HQ,SNMPv1,Default,public_v1_Profile,public_v1_Profile,172.24.105.197,Not Supported,Not Supported,Available: 100.000%,Up: 18371 Down: 0,,,,FALSE,,"Run ""Check for Updates"" to find new firmware releases",FALSE,FALSE,N/A,,,,Collecting Historical,,,RA3E-HDQ-CAB1,300 Days 00:46:26,RA3E-HDQ-CAB1,Room Alert 3E v2.2.5,,,,,,,nos-id-unknown,Unknown,
0,Down - No Alarms,3,RA3E-HDQ-IDF3,/World/LCSO/HQ,SNMPv1,Default,public_v1_Profile,public_v1_Profile,172.24.200.137,Not Supported,Not Supported,Available: 0.000%,Up: 0 Down: 18273,,,,FALSE,,"Run ""Check for Updates"" to find new firmware releases",FALSE,FALSE,N/A,,,,Collecting Historical,,,RA3E-HDQ-IDF3,N/A,RA3E-HDQ-IDF3,Room Alert 3E v2.2.5,,,,,,,nos-id-unknown,Unknown,
1,Up - No Alarms,99,SRO_MDF_450-48P_SW1,/World/LCSO/YOUTH SERVICES,SNMPv3,Default,LCSO_SNMPV3_PROFILE,LCSO_SNMPV3_PROFILE,172.24.20.2,Trap Receiver Registered,Syslog Receiver Registered,Available: 100.000%,Up: 18345 Down: 0,X450-G2-48p-10GE4,Summit Series,30.6.1.11-patch1-11,FALSE,,"Run ""Check for Updates"" to find new firmware releases",TRUE,TRUE,LCSO POLICY DOMAIN,1.0.2.1,00:04:96:CD:7B:0B,800601-00-20 1936N-42413,Not Collecting,CIVIL,Lee County Sheriff,SRO_MDF_450-48P_SW1,202 Days 00:40:54,SRO_MDF_450-48P_SW1,ExtremeXOS (X450G2-48p-10G4) version 30.6.1.11 30.6.1.11-patch1-11 by release-manager on Wed May 27 11:54:28 EDT 2020,,,,,,,nos-id-exos,ExtremeXOS,
0,Down - No Alarms,146,TEST AP305C,/World/LCSO/HQ,Ping,Default,<Ping Only>,<Ping Only>,172.22.2.11,Not Supported,Not Supported,Available: 0.000%,Up: 0 Down: 18393,,,,FALSE,,"Run ""Check for Updates"" to find new firmware releases",FALSE,FALSE,N/A,,,,Not Collecting,,,,N/A,TEST AP305C,,,,,,,,nos-id-unknown,Unknown,
0,Down - No Alarms,150,TEST AP305C-2,/World,Ping,Default,<Ping Only>,<Ping Only>,172.22.2.38,Not Supported,Not Supported,Available: 0.000%,Up: 0 Down: 18393,,,,FALSE,,"Run ""Check for Updates"" to find new firmware releases",FALSE,FALSE,N/A,,,,Not Collecting,,,,N/A,TEST AP305C-2,,,,,,,,nos-id-unknown,Unknown,
1,Up - No Alarms,155,Test AP305,/World/LCSO/HQ,Ping,Default,<Ping Only>,<Ping Only>,172.22.2.36,Not Supported,Not Supported,Available: 99.922%,Up: 17839 Down: 14,,,,FALSE,,"Run ""Check for Updates"" to find new firmware releases",FALSE,FALSE,N/A,,,,Not Collecting,,,,N/A,Test AP305,,,,,,,,nos-id-unknown,Unknown,
1,Up - No Alarms,143,eoc-aruba-01,/World/LCSO/EOC,Ping,Default,<Ping Only>,<Ping Only>,172.24.105.251,Not Supported,Not Supported,Available: 99.995%,Up: 18392 Down: 1,,,,FALSE,,"Run ""Check for Updates"" to find new firmware releases",FALSE,FALSE,N/A,,,,Not Collecting,,,,N/A,eoc-aruba-01,,,,,,,,nos-id-unknown,Unknown,
1,Up - No Alarms,144,hdq-aruba-01,/World/LCSO/HQ,Ping,Default,<Ping Only>,<Ping Only>,172.24.105.252,Not Supported,Not Supported,Available: 99.989%,Up: 18391 Down: 2,,,,FALSE,,"Run ""Check for Updates"" to find new firmware releases",FALSE,FALSE,N/A,,,,Not Collecting,,,,N/A,hdq-aruba-01,,,,,,,,nos-id-unknown,Unknown,
1,Up - No Alarms,10,lcso-nac1.sheriffleefl.org,/World/LCSO/HQ,SNMPv3,Default,lcso_v3_profile,lcso_v3_profile,172.24.106.252,---,Not Supported,Available: 100.000%,Up: 18378 Down: 0,Virtual Access Control Engine IA-V,Extreme Control,8.4.4.26,FALSE,,"Run ""Check for Updates"" to find new firmware releases",FALSE,FALSE,N/A,,,,Collecting Historical,Unknown,root,lcso-nac1.sheriffleefl.org,229 Days 18:34:52,lcso-nac1.sheriffleefl.org,Extreme Networks Access Control Engine - IA-V: Virtual Access Control Engine - Version: 8.4.4.26,,,,,,N/A,nos-id-ubuntu,Ubuntu,
1,Up - No Alarms,9,lcso-nac2.sheriffleefl.org,/World/LCSO/HQ,SNMPv3,Default,lcso_v3_profile,lcso_v3_profile,172.24.106.251,---,Not Supported,Available: 100.000%,Up: 18372 Down: 0,Virtual Access Control Engine IA-V,Extreme Control,8.4.4.26,FALSE,,"Run ""Check for Updates"" to find new firmware releases",FALSE,FALSE,N/A,,,,Collecting Historical,EOC,root,lcso-nac2.sheriffleefl.org,230 Days 02:32:48,lcso-nac2.sheriffleefl.org,Extreme Networks Access Control Engine - IA-V: Virtual Access Control Engine - Version: 8.4.4.26,,,,,,N/A,nos-id-ubuntu,Ubuntu,
1,Up - No Alarms,8,lcso-netsight.sheriffleefl.org,/World/LCSO/HQ,SNMPv3,Default,lcso_v3_profile,lcso_v3_profile,172.24.105.136,Not Supported,Not Supported,Available: 100.000%,Up: 18375 Down: 0,Virtual Management Center Server NMS-V,Extreme Management,8.4.4.26,FALSE,,"Run ""Check for Updates"" to find new firmware releases",FALSE,FALSE,N/A,,,,Collecting Historical,Unknown,root,lcso-netsight.sheriffleefl.org,91 Days 23:21:07,lcso-netsight.sheriffleefl.org,Extreme Networks Management Center Virtual Appliance - NMS-V - Version 8.4.4.26,,,,,,,nos-id-ubuntu,Ubuntu,
